<ImportExportXml xmlns:xsi="http://www.w3.org/2001/XMLSchema-instance">
  <Entities></Entities>
  <Roles></Roles>
  <Workflows></Workflows>
  <FieldSecurityProfiles></FieldSecurityProfiles>
  <Templates />
  <EntityMaps />
  <EntityRelationships />
  <OrganizationSettings />
  <optionsets />
  <WebResources>
    <WebResource>
      <WebResourceId>{a19822f9-8140-e511-80c6-00155d048d13}</WebResourceId>
      <Name>mag_/htmleditor/jquery_1.10.2.min.js</Name>
      <DisplayName>/htmleditor/jquery_1.10.2.min.js</DisplayName>
      <WebResourceType>3</WebResourceType>
      <IntroducedVersion>1.0.0.0</IntroducedVersion>
      <IsCustomizable>1</IsCustomizable>
      <CanBeDeleted>1</CanBeDeleted>
      <IsHidden>0</IsHidden>
      <FileName>/WebResources/mag_htmleditorjquery_1102minjsA19822F9-8140-E511-80C6-00155D048D13</FileName>
    </WebResource>
    <WebResource>
      <WebResourceId>{92ed1a1d-2516-e511-80c3-00155d048d48}</WebResourceId>
      <Name>mag_/htmleditor/adapters/jquery.js</Name>
      <DisplayName>/htmleditor/adapters/jquery.js</DisplayName>
      <WebResourceType>3</WebResourceType>
      <IntroducedVersion>1.0.0.0</IntroducedVersion>
      <IsCustomizable>1</IsCustomizable>
      <CanBeDeleted>1</CanBeDeleted>
      <IsHidden>0</IsHidden>
      <FileName>/WebResources/mag_htmleditoradaptersjqueryjs92ED1A1D-2516-E511-80C3-00155D048D48</FileName>
    </WebResource>
    <WebResource>
      <WebResourceId>{b83b0c35-2516-e511-80c3-00155d048d48}</WebResourceId>
      <Name>mag_/htmleditor/ckeditor.js</Name>
      <DisplayName>/htmleditor/ckeditor.js</DisplayName>
      <WebResourceType>3</WebResourceType>
      <IntroducedVersion>1.0.0.0</IntroducedVersion>
      <IsCustomizable>1</IsCustomizable>
      <CanBeDeleted>1</CanBeDeleted>
      <IsHidden>0</IsHidden>
      <FileName>/WebResources/mag_htmleditorckeditorjsB83B0C35-2516-E511-80C3-00155D048D48</FileName>
    </WebResource>
    <WebResource>
      <WebResourceId>{60019b3e-2516-e511-80c3-00155d048d48}</WebResourceId>
      <Name>mag_/htmleditor/config.js</Name>
      <DisplayName>/htmleditor/config.js</DisplayName>
      <WebResourceType>3</WebResourceType>
      <IntroducedVersion>1.0.0.0</IntroducedVersion>
      <IsCustomizable>1</IsCustomizable>
      <CanBeDeleted>1</CanBeDeleted>
      <IsHidden>0</IsHidden>
      <FileName>/WebResources/mag_htmleditorconfigjs60019B3E-2516-E511-80C3-00155D048D48</FileName>
    </WebResource>
    <WebResource>
      <WebResourceId>{da5c744c-2516-e511-80c3-00155d048d48}</WebResourceId>
      <Name>mag_/htmleditor/contents.css</Name>
      <DisplayName>/htmleditor/contents.css</DisplayName>
      <WebResourceType>2</WebResourceType>
      <IntroducedVersion>1.0.0.0</IntroducedVersion>
      <IsCustomizable>1</IsCustomizable>
      <CanBeDeleted>1</CanBeDeleted>
      <IsHidden>0</IsHidden>
      <FileName>/WebResources/mag_htmleditorcontentscssDA5C744C-2516-E511-80C3-00155D048D48</FileName>
    </WebResource>
    <WebResource>
      <WebResourceId>{703aed58-2516-e511-80c3-00155d048d48}</WebResourceId>
      <Name>mag_/htmleditor/lang/en.js</Name>
      <DisplayName>/htmleditor/lang/en.js</DisplayName>
      <WebResourceType>3</WebResourceType>
      <IntroducedVersion>1.0.0.0</IntroducedVersion>
      <IsCustomizable>1</IsCustomizable>
      <CanBeDeleted>1</CanBeDeleted>
      <IsHidden>0</IsHidden>
      <FileName>/WebResources/mag_htmleditorlangenjs703AED58-2516-E511-80C3-00155D048D48</FileName>
    </WebResource>
    <WebResource>
      <WebResourceId>{21e5db79-2516-e511-80c3-00155d048d48}</WebResourceId>
      <Name>mag_/htmleditor/plugins/clipboard/dialogs/paste.js</Name>
      <DisplayName>/htmleditor/plugins/clipboard/dialogs/paste.js</DisplayName>
      <WebResourceType>3</WebResourceType>
      <IntroducedVersion>1.0.0.0</IntroducedVersion>
      <IsCustomizable>1</IsCustomizable>
      <CanBeDeleted>1</CanBeDeleted>
      <IsHidden>0</IsHidden>
      <FileName>/WebResources/mag_htmleditorpluginsclipboarddialogspastejs21E5DB79-2516-E511-80C3-00155D048D48</FileName>
    </WebResource>
    <WebResource>
      <WebResourceId>{861f5a8a-2516-e511-80c3-00155d048d48}</WebResourceId>
      <Name>mag_/htmleditor/plugins/dialog/dialogDefinition.js</Name>
      <DisplayName>/htmleditor/plugins/dialog/dialogDefinition.js</DisplayName>
      <WebResourceType>3</WebResourceType>
      <IntroducedVersion>1.0.0.0</IntroducedVersion>
      <IsCustomizable>1</IsCustomizable>
      <CanBeDeleted>1</CanBeDeleted>
      <IsHidden>0</IsHidden>
      <FileName>/WebResources/mag_htmleditorpluginsdialogdialogDefinitionjs861F5A8A-2516-E511-80C3-00155D048D48</FileName>
    </WebResource>
    <WebResource>
      <WebResourceId>{10ccd498-2516-e511-80c3-00155d048d48}</WebResourceId>
      <Name>mag_/htmleditor/plugins/icons.png</Name>
      <DisplayName>/htmleditor/plugins/icons.png</DisplayName>
      <WebResourceType>5</WebResourceType>
      <IntroducedVersion>1.0.0.0</IntroducedVersion>
      <IsCustomizable>1</IsCustomizable>
      <CanBeDeleted>1</CanBeDeleted>
      <IsHidden>0</IsHidden>
      <FileName>/WebResources/mag_htmleditorpluginsiconspng10CCD498-2516-E511-80C3-00155D048D48</FileName>
    </WebResource>
    <WebResource>
      <WebResourceId>{ac3334c3-2516-e511-80c3-00155d048d48}</WebResourceId>
      <Name>mag_/htmleditor/plugins/link/dialogs/link.js</Name>
      <DisplayName>/htmleditor/plugins/link/dialogs/link.js</DisplayName>
      <WebResourceType>3</WebResourceType>
      <IntroducedVersion>1.0.0.0</IntroducedVersion>
      <IsCustomizable>1</IsCustomizable>
      <CanBeDeleted>1</CanBeDeleted>
      <IsHidden>0</IsHidden>
      <FileName>/WebResources/mag_htmleditorpluginslinkdialogslinkjsAC3334C3-2516-E511-80C3-00155D048D48</FileName>
    </WebResource>
    <WebResource>
      <WebResourceId>{3f77720f-2616-e511-80c3-00155d048d48}</WebResourceId>
      <Name>mag_/htmleditor/skins/moono/dialog.css</Name>
      <DisplayName>/htmleditor/skins/moono/dialog.css</DisplayName>
      <WebResourceType>2</WebResourceType>
      <IntroducedVersion>1.0.0.0</IntroducedVersion>
      <IsCustomizable>1</IsCustomizable>
      <CanBeDeleted>1</CanBeDeleted>
      <IsHidden>0</IsHidden>
      <FileName>/WebResources/mag_htmleditorskinsmoonodialogcss3F77720F-2616-E511-80C3-00155D048D48</FileName>
    </WebResource>
    <WebResource>
      <WebResourceId>{3c75d11d-2616-e511-80c3-00155d048d48}</WebResourceId>
      <Name>mag_/htmleditor/skins/moono/dialog_ie.css</Name>
      <DisplayName>/htmleditor/skins/moono/dialog_ie.css</DisplayName>
      <WebResourceType>2</WebResourceType>
      <IntroducedVersion>1.0.0.0</IntroducedVersion>
      <IsCustomizable>1</IsCustomizable>
      <CanBeDeleted>1</CanBeDeleted>
      <IsHidden>0</IsHidden>
      <FileName>/WebResources/mag_htmleditorskinsmoonodialog_iecss3C75D11D-2616-E511-80C3-00155D048D48</FileName>
    </WebResource>
    <WebResource>
      <WebResourceId>{85bf1158-2616-e511-80c3-00155d048d48}</WebResourceId>
      <Name>mag_/htmleditor/skins/moono/editor.css</Name>
      <DisplayName>/htmleditor/skins/moono/editor.css</DisplayName>
      <WebResourceType>2</WebResourceType>
      <IntroducedVersion>1.0.0.0</IntroducedVersion>
      <IsCustomizable>1</IsCustomizable>
      <CanBeDeleted>1</CanBeDeleted>
      <IsHidden>0</IsHidden>
      <FileName>/WebResources/mag_htmleditorskinsmoonoeditorcss85BF1158-2616-E511-80C3-00155D048D48</FileName>
    </WebResource>
    <WebResource>
      <WebResourceId>{7c630465-2616-e511-80c3-00155d048d48}</WebResourceId>
      <Name>mag_/htmleditor/skins/moono/editor_gecko.css</Name>
      <DisplayName>/htmleditor/skins/moono/editor_gecko.css</DisplayName>
      <WebResourceType>2</WebResourceType>
      <IntroducedVersion>1.0.0.0</IntroducedVersion>
      <IsCustomizable>1</IsCustomizable>
      <CanBeDeleted>1</CanBeDeleted>
      <IsHidden>0</IsHidden>
      <FileName>/WebResources/mag_htmleditorskinsmoonoeditor_geckocss7C630465-2616-E511-80C3-00155D048D48</FileName>
    </WebResource>
    <WebResource>
      <WebResourceId>{8366ff6d-2616-e511-80c3-00155d048d48}</WebResourceId>
      <Name>mag_/htmleditor/skins/moono/editor_ie.css</Name>
      <DisplayName>/htmleditor/skins/moono/editor_ie.css</DisplayName>
      <WebResourceType>2</WebResourceType>
      <IntroducedVersion>1.0.0.0</IntroducedVersion>
      <IsCustomizable>1</IsCustomizable>
      <CanBeDeleted>1</CanBeDeleted>
      <IsHidden>0</IsHidden>
      <FileName>/WebResources/mag_htmleditorskinsmoonoeditor_iecss8366FF6D-2616-E511-80C3-00155D048D48</FileName>
    </WebResource>
    <WebResource>
      <WebResourceId>{857e6498-2616-e511-80c3-00155d048d48}</WebResourceId>
      <Name>mag_/htmleditor/skins/moono/icons.png</Name>
      <DisplayName>/htmleditor/skins/moono/icons.png</DisplayName>
      <WebResourceType>5</WebResourceType>
      <IntroducedVersion>1.0.0.0</IntroducedVersion>
      <IsCustomizable>1</IsCustomizable>
      <CanBeDeleted>1</CanBeDeleted>
      <IsHidden>0</IsHidden>
      <FileName>/WebResources/mag_htmleditorskinsmoonoiconspng857E6498-2616-E511-80C3-00155D048D48</FileName>
    </WebResource>
    <WebResource>
      <WebResourceId>{4823c7f3-2716-e511-80c3-00155d048d48}</WebResourceId>
      <Name>mag_/htmleditor/styles.js</Name>
      <DisplayName>/htmleditor/styles.js</DisplayName>
      <WebResourceType>3</WebResourceType>
      <IntroducedVersion>1.0.0.0</IntroducedVersion>
      <IsCustomizable>1</IsCustomizable>
      <CanBeDeleted>1</CanBeDeleted>
      <IsHidden>0</IsHidden>
      <FileName>/WebResources/mag_htmleditorstylesjs4823C7F3-2716-E511-80C3-00155D048D48</FileName>
    </WebResource>
    <WebResource>
      <WebResourceId>{6869eb14-2d16-e511-80c3-00155d048d48}</WebResourceId>
      <Name>mag_/htmleditor/htmleditor.html</Name>
      <DisplayName>/htmleditor/htmleditor.html</DisplayName>
      <WebResourceType>1</WebResourceType>
      <IntroducedVersion>1.0.0.0</IntroducedVersion>
      <IsCustomizable>1</IsCustomizable>
      <CanBeDeleted>1</CanBeDeleted>
      <IsHidden>0</IsHidden>
      <FileName>/WebResources/mag_htmleditorhtmleditorhtml6869EB14-2D16-E511-80C3-00155D048D48</FileName>
    </WebResource>
  </WebResources>
  <Languages>
    <Language>1033</Language>
  </Languages>
</ImportExportXml>